Variable,Stripe,PayPal,Venmo,Apple Pay,Cash App
Unique Value Proposition,"Developer-first payments platform that processed $1.4 trillion in 2024, helping businesses scale globally. (124 chars)","Leverages a trusted two-sided network to simplify and secure global commerce, operating in over 200 markets with support for 100+ currencies.","Its unique value is a social payment network that transforms peer-to-peer transactions into an engaging, shareable social experience, distinct from purely functional competitors.","Apple Pay uses tokenization & biometrics for security, enabling fast contactless payments accepted at 85% of U.S. retailers. (159 chars)","It redefines money as relatable, instant, and universally accessible, serving as a comprehensive financial hub especially for underserved populations."
Positioning,"Stripe is the premium, developer-first innovator for ambitious global businesses.","Targets consumers and SMBs under $250k volume with competitive fees from 2.29% + $0.09, positioning as an accessible innovator and trusted global incumbent.","Primarily targets millennials and Gen Z as an affordable, social innovator in P2P payments, expanding into commerce with business transaction fees of 1.9% + $0.10.","Positioned as a premium, secure solution for affluent consumers, it holds 22.3% adoption in the U.S. and dominates 54% of in-store mobile wallet transactions.","Positions as an affordable, disruptive ""super app"" targeting mainstream consumers, specifically households earning up to $150K annually and tech-comfortable young adults."
Competitive Positioning Summary,"Stripe leads with a superior developer API and recurring billing, making it the top choice for scaling software firms.","Differentiated by global reach in 200+ markets and integrated loyalty ecosystem, though challenged by fee transparency and niche competitors.",Venmo's social network and free P2P transfers drive growth with US youth.,"A dominant NFC payment leader for iOS users, though competitors like Google Wallet and bank-specific apps are gaining ground.","Full-stack financial platform with 40M users, featuring Bitcoin trading and Cash App Borrow."
Differentiation,"Stripe differentiates with its developer-first APIs and specialized platform tools like Stripe Connect for marketplaces, plus advanced billing and AI fraud prevention.",Differentiates through AI-driven fraud detection blocking $500 million quarterly and One Touch™ for 90% faster checkout.,"Its social payment feed turns transactions into micro-social interactions, with fee-free P2P transfers and deep PayPal integration.","Apple Pay's core differentiation is its deep integration within the proprietary Apple ecosystem, leveraging hardware security like the Secure Element and biometrics for a fricti...","Cash App integrates a seamless crypto ecosystem with over 14.7 million Bitcoin users and a full-service financial hub for banking, investing, and AI-powered insights."
Brand Promise,Grows internet GDP with scalable financial infrastructure for online businesses.,"Secure financial control for over 400 million users, advancing economic inclusion. (94 chars)","Venmo promises to make peer-to-peer payments fast, safe, and socially rewarding, aiming to change how people interact with money and each other.","Apple Pay promises secure, effortless, and private digital payments, emphasizing device-based encryption and a frictionless user experience.","Cash App makes money instantly accessible, focusing on households earning under $150k annually."
Target Customer Personas,"Serves digital businesses like Zoom and Instacart, which saw demand surges of 2000% and 300%. (109 chars)","Targets solopreneurs and SMBs with invoicing and checkout tools, plus enterprises needing global fraud prevention and unified payments.","Primarily targets Gen Z and Millennials for social P2P payments, with a growing focus on small business owners and freelancers for informal commerce.","Targets high-income tech professionals (median income $85k+) and Gen Z digital consumers, who drive its 54.8% share of the U.S. mobile payment market.","Targets gig workers, young adults, and small businesses. Core user base is 57M+ and skews younger."
Customer Segmentation,"Primarily serves small businesses, which constitute 86% of its user base, while offering tiered pricing and enterprise solutions with custom contracts for larger clients.","Segments primarily by business transaction volume and geography, with 38.9% of users in North America and custom enterprise solutions for high-volume merchants.","Segments customers primarily into personal accounts for social P2P payments and business profiles for merchants, with a standard transaction fee of 1.9% + $0.10 for businesses.","Targets tech-savvy youth in 35+ countries, with 65.6M projected U.S. users in 2025. Uses a universal merchant model with standard fees.",Cash App charges business accounts 2.6% + $0.15 per payment. Loyalty status (Cash App Green) offers higher interest rates.
Users,"Stripe powers payments for approximately 1.5 million live business websites globally, processing $1.4 trillion in volume in 2024.","As of Q4 2024, PayPal reported 434 million active accounts across its consumer and merchant platforms, reflecting modest year-over-year growth.","Approximately 90 million U.S. users, with a strong majority under age 35 and robust growth in transaction volume and debit card usage.","Apple Pay has an estimated 744 million global active users in 2024, with strong growth in the US where it is projected to reach 65.6 million users in 2025.","Reports 57 million monthly active users globally as of 2024-2025, with growth having slowed recently after rapid expansion from 7 million in 2017."
Buyers,"Stripe is evaluated by 10-15 member buying committees for global scale, fraud prevention, and revenue automation.","PayPal's Buyer Protection attracts consumers, but B2B merchant service decision-makers are unspecified.",Individual consumers decide immediately. B2B process not detailed.,"Individual consumers decide to activate and use it, while businesses require multi-stakeholder approval from finance, IT, and operations leaders.",Purchasing decisions for the consumer app are made by individual users; business accounts are likely decided by owners or executives.
Use Cases,"Stripe processes $1.4 trillion in payment volume annually, powering global e-commerce, subscriptions, marketplaces, and embedded finance.","Drives a 1,200% retail sales surge via AI, supporting online, in-store, P2P, and B2B payments.","Primarily used for social peer-to-peer payments and bill splitting, with growing merchant acceptance via QR codes and online checkout.","Enables contactless payments via NFC and biometrics, used in 78 markets and 54% of U.S. in-store mobile payments.","P2P platform with 57M monthly users, also handles business payments, debit cards, and stock/bitcoin investing."
Key Features,"Accepts 100+ payment methods globally, provides unified subscription billing, and offers developer-centric APIs with AI-powered fraud prevention.","Global fund transfers, multi-currency support, and secure payment processing. Features new AI checkout tools.",Instant peer-to-peer transfers with bill splitting and multi-factor authentication security.,Enables contactless NFC payments on Apple devices with tokenized security and biometric authentication.,"Offers instant P2P transfers, a debit card, investing in stocks and Bitcoin, and AI financial insights, all secured with multi-layered controls."
Advanced Features,Enterprise-grade features include AI fraud prevention (Radar screens 92% of cards) and advanced billing for usage-based models.,Enterprise solutions support global payouts to 200+ markets and offer advanced checkout with custom card fields directly on merchant sites.,"Advanced features center on its Business Profile for invoicing and contactless payments, with deeper integration available via Braintree's API.","Enterprise security with tokenization, PCI-DSS validation, $99/year Developer Program, no merchant fees.",Offers enterprise-grade APIs for merchant integration and AI fraud prevention that blocked over $2B in suspicious transactions.
Integrations,"Its App Marketplace offers over 150 native apps and connects to 8,000+ tools via Zapier, supported by a robust API and strategic partnerships with firms like AWS and Microsoft.","Offers extensive third-party integrations, including connections to over 8,000 apps via Zapier and direct sync with major platforms like QuickBooks, Shopify, and WooCommerce.","Integrates in-app, online, and in-store QR payments. Real-time transaction importing via email.","Integration typically requires a payment provider's SDK or JavaScript API, making it a cross-functional technical effort involving design, development, and payment teams.","Offers direct integrations with Square, WooCommerce, and Jotform, plus major partnerships with Google Play, Domino's, and Lyft for in-app and online payments."
Technology Stack,"Runs on a massive Ruby codebase with over 20 million lines, supporting global payments processing of over $1 trillion annually.","Uses a modern multi-cloud microservices stack built on Java, Go, and Python, with significant investment in AI/ML and real-time data streaming via Apache Kafka.","Uses Python/Django backend, React Native mobile, and AWS DynamoDB for scalability, processing hundreds of billions in payments.","Centers on Secure Enclave hardware and tokenization for secure NFC payments with biometric authentication, though backend infrastructure remains proprietary.","Runs on AWS with EKS for compute, uses native mobile languages (Kotlin/Swift), and employs ML systems like Blizzard for fraud detection and Weaver for real-time ranking."
Product Roadmap,"Stripe's 2024-2025 roadmap focuses on AI payments, stablecoins, and billing overhauls.","Roadmap focuses on AI-driven commerce and global wallet interoperability, with key 2025 launches like PayPal World and Agent Toolkit.","Focuses on monetization and commerce expansion, targeting $2B revenue by 2027 via rewards, merchant checkout, and deeper PayPal integration.","Expands in-store rewards, installments, and adds Tap to Provision for convenience. (78 chars)","Publicly announced roadmap centers on AI automation, Bitcoin expansion via Lightning Network, and growing its BNPL and Cash Card offerings."
Business Models,"Makes 2.9% + $0.30 per transaction from $1.4T annual volume, plus billing and fraud prevention services.","Generates revenue through transaction fees like 2.99% + $0.30 for online sales, with diversification into BNPL and credit services.","Primarily monetizes its large user base via merchant transaction fees (e.g., 1.9% + $0.10 for online sales) and charges for instant transfers (1.75% fee).","Generates revenue primarily by charging issuing banks a 0.15% fee per transaction, contributing to its high-volume Services segment which processed $6 trillion globally in 2022.","Primarily a transaction fee-based model, generating a 1.52% monetization rate from gross payment volume and approximately $81 in gross profit per active user."
Pricing Strategy,"2.9% + $0.30 per transaction, with custom pricing for high-volume clients.","Charges 2.29% + $0.09 per domestic online transaction, with higher international and custom enterprise rates.",Free personal payments. Monetizes via business fees (1.9% + $0.10) and instant transfers (1.75%). (136 chars),Free for consumers; Apple charges issuing banks approximately 0.15% per transaction.,Offers free core P2P transfers but charges fees for instant transfers (0.5%-1.75%) and business transactions (2.6% + $0.15).
Market Share,Stripe holds 68% of the U.S. e-commerce payment market and 17-29% globally.,Leads the online payment processor market with a dominant share of approximately 45%.,Venmo holds 38% of PayPal's payment share and leads U.S. mobile P2P users with 61.8% projected for 2025.,"Dominates U.S. in-store mobile wallet transactions with a 54% market share, while its global share is projected to reach 10% of card transactions.","Holds an estimated 20% share of the U.S. digital banking market, with 57 million monthly active users and a 10.6% share of mobile P2P transaction value."
Market Size,"Stripe's serviceable market is estimated at $29.7 billion, within a global online payment processing sector projected to reach $193.7 billion by 2028.","Processed $1.68 trillion in total payment volume in FY 2024, with 10% year-over-year growth.",Venmo's P2P market to hit $14.51T by 2034; app processes $443B quarterly.,"Generated $9.4 billion in revenue in 2025, capturing 22.5% of the global mobile wallet market.","Operates in the global digital payments market, valued at over $111B in 2023 and projected to exceed $360B by 2030."
Estimated Revenue,"Estimated 2024 revenue of $5.1 billion, reflecting 28% year-over-year growth.","PayPal reported $31.8B in revenue for 2024, a 6.8% increase, with forward estimates projecting growth to approximately $33.3B in 2025.","Estimated at $1.4 billion for 2024, with PayPal projecting $1.7 billion for 2025 and targeting $2 billion by 2027.","Apple Pay revenue is estimated at $4.23B for 2024, growing from ~$1B in 2019, based on third-party analyst projections.","Cash App generated $16.25 billion in revenue in 2024, with Bitcoin transactions driving a significant portion of this growth."
